t,Va,alpha,theta,q,altitude,u,north
0,25,0.082321,0.082321,0,-0,24.9153,0
0.01,25,0.082321,0.082321,0,7.32747e-16,24.9153,0.25
0.02,25,0.082321,0.082321,8.15018e-16,2.91323e-15,24.9153,0.5
0.03,25,0.082321,0.082321,2.41468e-15,6.50813e-15,24.9153,0.75
0.04,25,0.082321,0.082321,4.78127e-15,1.14856e-14,24.9153,1
0.05,25,0.082321,0.082321,7.89201e-15,1.78117e-14,24.9153,1.25
0.06,25,0.082321,0.082321,1.1714e-14,2.54574e-14,24.9153,1.5
0.07,25,0.082321,0.082321,1.6227e-14,3.43903e-14,24.9153,1.75
0.08,25,0.082321,0.082321,2.14056e-14,4.45843e-14,24.9153,2
0.09,25,0.082321,0.082321,2.72221e-14,5.60122e-14,24.9153,2.25
0.1,25,0.082321,0.082321,3.36511e-14,6.86451e-14,24.9153,2.5
0.11,25,0.082321,0.082321,4.06674e-14,8.24548e-14,24.9153,2.75
0.12,25,0.082321,0.082321,4.82405e-14,9.74161e-14,24.9153,3
0.13,25,0.082321,0.082321,5.63425e-14,1.13504e-13,24.9153,3.25
0.14,25,0.082321,0.082321,6.49509e-14,1.30695e-13,24.9153,3.5
0.15,25,0.082321,0.082321,7.40375e-14,1.48968e-13,24.9153,3.75
0.16,25,0.082321,0.082321,8.35748e-14,1.68297e-13,24.9153,4
0.17,25,0.082321,0.082321,9.35347e-14,1.88664e-13,24.9153,4.25
0.18,25,0.082321,0.082321,1.03892e-13,2.10051e-13,24.9153,4.5
0.19,25,0.082321,0.082321,1.14621e-13,2.32436e-13,24.9153,4.75
0.2,25,0.082321,0.082321,1.25692e-13,2.55804e-13,24.9153,5
0.21,25,0.082321,0.082321,1.37082e-13,2.80126e-13,24.9153,5.25
0.22,25,0.082321,0.082321,1.48761e-13,3.05396e-13,24.9153,5.5
0.23,25,0.082321,0.082321,1.60705e-13,3.31602e-13,24.9153,5.75
0.24,25,0.082321,0.082321,1.72888e-13,3.58725e-13,24.9153,6
0.25,25,0.082321,0.082321,1.85282e-13,3.86749e-13,24.9153,6.25
0.26,25,0.082321,0.082321,1.97865e-13,4.15668e-13,24.9153,6.5
0.27,25,0.082321,0.082321,2.10606e-13,4.45467e-13,24.9153,6.75
0.28,25,0.082321,0.082321,2.23487e-13,4.76126e-13,24.9153,7
0.29,25,0.082321,0.082321,2.36482e-13,5.07642e-13,24.9153,7.25
0.3,25,0.082321,0.082321,2.49568e-13,5.40014e-13,24.9153,7.5
0.31,25,0.082321,0.082321,2.62719e-13,5.73233e-13,24.9153,7.75
0.32,25,0.082321,0.082321,2.75916e-13,6.07282e-13,24.9153,8
0.33,25,0.082321,0.082321,2.89139e-13,6.42166e-13,24.9153,8.25
0.34,25,0.082321,0.082321,3.02367e-13,6.7788e-13,24.9153,8.5
0.35,25,0.082321,0.082321,3.15574e-13,7.14415e-13,24.9153,8.75
0.36,25,0.082321,0.082321,3.28741e-13,7.51777e-13,24.9153,9
0.37,25,0.082321,0.082321,3.41852e-13,7.89955e-13,24.9153,9.25
0.38,25,0.082321,0.082321,3.54887e-13,8.28946e-13,24.9153,9.5
0.39,25,0.082321,0.082321,3.67829e-13,8.68759e-13,24.9153,9.75
0.4,25,0.082321,0.082321,3.80654e-13,9.09393e-13,24.9153,10
0.41,25,0.082321,0.082321,3.9335e-13,9.50838e-13,24.9153,10.25
0.42,25,0.082321,0.082321,4.05897e-13,9.93106e-13,24.9153,10.5
0.43,25,0.082321,0.082321,4.18284e-13,1.03619e-12,24.9153,10.75
0.44,25,0.082321,0.082321,4.30489e-13,1.0801e-12,24.9153,11
0.45,25,0.082321,0.082321,4.42507e-13,1.12484e-12,24.9153,11.25
0.46,25,0.082321,0.082321,4.54317e-13,1.1704e-12,24.9153,11.5
0.47,25,0.082321,0.082321,4.65912e-13,1.21681e-12,24.9153,11.75
0.48,25,0.082321,0.082321,4.77271e-13,1.26405e-12,24.9153,12
0.49,25,0.082321,0.082321,4.88386e-13,1.31215e-12,24.9153,12.25
0.5,25,0.082321,0.082321,4.99247e-13,1.36109e-12,24.9153,12.5
0.51,25,0.082321,0.082321,5.09842e-13,1.41089e-12,24.9153,12.75
0.52,25,0.082321,0.082321,5.20161e-13,1.46155e-12,24.9153,13
0.53,25,0.082321,0.082321,5.30197e-13,1.51309e-12,24.9153,13.25
0.54,25,0.082321,0.082321,5.39944e-13,1.56552e-12,24.9153,13.5
0.55,25,0.082321,0.082321,5.4939e-13,1.61883e-12,24.9153,13.75
0.56,25,0.082321,0.082321,5.5853e-13,1.67304e-12,24.9153,14
0.57,25,0.082321,0.082321,5.67356e-13,1.72816e-12,24.9153,14.25
0.58,25,0.082321,0.082321,5.75861e-13,1.78418e-12,24.9153,14.5
0.59,25,0.082321,0.082321,5.84044e-13,1.84114e-12,24.9153,14.75
0.6,25,0.082321,0.082321,5.91898e-13,1.89903e-12,24.9153,15
0.61,25,0.082321,0.082321,5.99413e-13,1.95786e-12,24.9153,15.25
0.62,25,0.082321,0.082321,6.06594e-13,2.01765e-12,24.9153,15.5
0.63,25,0.082321,0.082321,6.13433e-13,2.0784e-12,24.9153,15.75
0.64,25,0.082321,0.082321,6.1993e-13,2.14012e-12,24.9153,16
0.65,25,0.082321,0.082321,6.26086e-13,2.20283e-12,24.9153,16.25
0.66,25,0.082321,0.082321,6.31897e-13,2.26654e-12,24.9153,16.5
0.67,25,0.082321,0.082321,6.37362e-13,2.33124e-12,24.9153,16.75
0.68,25,0.082321,0.082321,6.4248e-13,2.39697e-12,24.9153,17
0.69,25,0.082321,0.082321,6.47253e-13,2.46373e-12,24.9153,17.25
0.7,25,0.082321,0.082321,6.51678e-13,2.53152e-12,24.9153,17.5
0.71,25,0.082321,0.082321,6.55763e-13,2.60037e-12,24.9153,17.75
0.72,25,0.082321,0.082321,6.59509e-13,2.67028e-12,24.9153,18
0.73,25,0.082321,0.082321,6.62916e-13,2.74126e-12,24.9153,18.25
0.74,25,0.082321,0.082321,6.65981e-13,2.81332e-12,24.9153,18.5
0.75,25,0.082321,0.082321,6.68717e-13,2.88647e-12,24.9153,18.75
0.76,25,0.082321,0.082321,6.71122e-13,2.96073e-12,24.9153,19
0.77,25,0.082321,0.082321,6.732e-13,3.0361e-12,24.9153,19.25
0.78,25,0.082321,0.082321,6.74959e-13,3.1126e-12,24.9153,19.5
0.79,25,0.082321,0.082321,6.76402e-13,3.19022e-12,24.9153,19.75
0.8,25,0.082321,0.082321,6.77533e-13,3.26899e-12,24.9153,20
0.81,25,0.082321,0.082321,6.78361e-13,3.34891e-12,24.9153,20.25
0.82,25,0.082321,0.082321,6.78885e-13,3.43e-12,24.9153,20.5
0.83,25,0.082321,0.082321,6.79112e-13,3.51226e-12,24.9153,20.75
0.84,25,0.082321,0.082321,6.79052e-13,3.59571e-12,24.9153,21
0.85,25,0.082321,0.082321,6.78712e-13,3.68035e-12,24.9153,21.25
0.86,25,0.082321,0.082321,6.78095e-13,3.76619e-12,24.9153,21.5
0.87,25,0.082321,0.082321,6.77209e-13,3.85324e-12,24.9153,21.75
0.88,25,0.082321,0.082321,6.76062e-13,3.9415e-12,24.9153,22
0.89,25,0.082321,0.082321,6.74665e-13,4.03099e-12,24.9153,22.25
0.9,25,0.082321,0.082321,6.73015e-13,4.12172e-12,24.9153,22.5
0.91,25,0.082321,0.082321,6.71132e-13,4.21369e-12,24.9153,22.75
0.92,25,0.082321,0.082321,6.69013e-13,4.30691e-12,24.9153,23
0.93,25,0.082321,0.082321,6.66672e-13,4.40139e-12,24.9153,23.25
0.94,25,0.082321,0.082321,6.64116e-13,4.49713e-12,24.9153,23.5
0.95,25,0.082321,0.082321,6.61354e-13,4.59413e-12,24.9153,23.75
0.96,25,0.082321,0.082321,6.58395e-13,4.69242e-12,24.9153,24
0.97,25,0.082321,0.082321,6.55247e-13,4.79198e-12,24.9153,24.25
0.98,25,0.082321,0.082321,6.51913e-13,4.89284e-12,24.9153,24.5
0.99,25,0.082321,0.082321,6.48407e-13,4.99499e-12,24.9153,24.75
1,25,0.082321,0.082321,6.44732e-13,5.09843e-12,24.9153,25
1.01,25,0.082321,0.082321,6.40898e-13,5.20318e-12,24.9153,25.25
1.02,25,0.082321,0.082321,6.36916e-13,5.30923e-12,24.9153,25.5
1.03,25,0.082321,0.082321,6.32793e-13,5.41659e-12,24.9153,25.75
1.04,25,0.082321,0.082321,6.28538e-13,5.52527e-12,24.9153,26
1.05,25,0.082321,0.082321,6.24157e-13,5.63525e-12,24.9153,26.25
1.06,25,0.082321,0.082321,6.19662e-13,5.74654e-12,24.9153,26.5
1.07,25,0.082321,0.082321,6.15058e-13,5.85917e-12,24.9153,26.75
1.08,25,0.082321,0.082321,6.10355e-13,5.97311e-12,24.9153,27
1.09,25,0.082321,0.082321,6.05558e-13,6.08838e-12,24.9153,27.25
1.1,25,0.082321,0.082321,6.00681e-13,6.20498e-12,24.9153,27.5
1.11,25,0.082321,0.082321,5.95725e-13,6.3229e-12,24.9153,27.75
1.12,25,0.082321,0.082321,5.90703e-13,6.44216e-12,24.9153,28
1.13,25,0.082321,0.082321,5.85621e-13,6.56274e-12,24.9153,28.25
1.14,25,0.082321,0.082321,5.80488e-13,6.68466e-12,24.9153,28.5
1.15,25,0.082321,0.082321,5.75309e-13,6.80789e-12,24.9153,28.75
1.16,25,0.082321,0.082321,5.7009e-13,6.93246e-12,24.9153,29
1.17,25,0.082321,0.082321,5.64835e-13,7.05836e-12,24.9153,29.25
1.18,25,0.082321,0.082321,5.59558e-13,7.18558e-12,24.9153,29.5
1.19,25,0.082321,0.082321,5.5426e-13,7.31413e-12,24.9153,29.75
1.2,25,0.082321,0.082321,5.48955e-13,7.444e-12,24.9153,30
1.21,25,0.082321,0.082321,5.43645e-13,7.57518e-12,24.9153,30.25
1.22,25,0.082321,0.082321,5.38332e-13,7.70769e-12,24.9153,30.5
1.23,25,0.082321,0.082321,5.33029e-13,7.84151e-12,24.9153,30.75
1.24,25,0.082321,0.082321,5.27737e-13,7.97665e-12,24.9153,31
1.25,25,0.082321,0.082321,5.22467e-13,8.1131e-12,24.9153,31.25
1.26,25,0.082321,0.082321,5.17223e-13,8.25086e-12,24.9153,31.5
1.27,25,0.082321,0.082321,5.12006e-13,8.38992e-12,24.9153,31.75
1.28,25,0.082321,0.082321,5.06825e-13,8.53028e-12,24.9153,32
1.29,25,0.082321,0.082321,5.01684e-13,8.67194e-12,24.9153,32.25
1.3,25,0.082321,0.082321,4.96584e-13,8.81489e-12,24.9153,32.5
1.31,25,0.082321,0.082321,4.91534e-13,8.95913e-12,24.9153,32.75
1.32,25,0.082321,0.082321,4.86535e-13,9.10465e-12,24.9153,33
1.33,25,0.082321,0.082321,4.81597e-13,9.25145e-12,24.9153,33.25
1.34,25,0.082321,0.082321,4.7672e-13,9.39953e-12,24.9153,33.5
1.35,25,0.082321,0.082321,4.71911e-13,9.54888e-12,24.9153,33.75
1.36,25,0.082321,0.082321,4.67167e-13,9.69949e-12,24.9153,34
1.37,25,0.082321,0.082321,4.62497e-13,9.85135e-12,24.9153,34.25
1.38,25,0.082321,0.082321,4.57901e-13,1.00045e-11,24.9153,34.5
1.39,25,0.082321,0.082321,4.5338e-13,1.01588e-11,24.9153,34.75
1.4,25,0.082321,0.082321,4.48941e-13,1.03144e-11,24.9153,35
1.41,25,0.082321,0.082321,4.44585e-13,1.04713e-11,24.9153,35.25
1.42,25,0.082321,0.082321,4.40317e-13,1.06293e-11,24.9153,35.5
1.43,25,0.082321,0.082321,4.36131e-13,1.07886e-11,24.9153,35.75
1.44,25,0.082321,0.082321,4.32035e-13,1.09492e-11,24.9153,36
1.45,25,0.082321,0.082321,4.28034e-13,1.11109e-11,24.9153,36.25
1.46,25,0.082321,0.082321,4.24121e-13,1.12738e-11,24.9153,36.5
1.47,25,0.082321,0.082321,4.20304e-13,1.14379e-11,24.9153,36.75
1.48,25,0.082321,0.082321,4.16583e-13,1.16032e-11,24.9153,37
1.49,25,0.082321,0.082321,4.12956e-13,1.17697e-11,24.9153,37.25
1.5,25,0.082321,0.082321,4.09422e-13,1.19374e-11,24.9153,37.5
1.51,25,0.082321,0.082321,4.05988e-13,1.21062e-11,24.9153,37.75
1.52,25,0.082321,0.082321,4.02652e-13,1.22763e-11,24.9153,38
1.53,25,0.082321,0.082321,3.99412e-13,1.24474e-11,24.9153,38.25
1.54,25,0.082321,0.082321,3.96271e-13,1.26197e-11,24.9153,38.5
1.55,25,0.082321,0.082321,3.93231e-13,1.27932e-11,24.9153,38.75
1.56,25,0.082321,0.082321,3.90287e-13,1.29677e-11,24.9153,39
1.57,25,0.082321,0.082321,3.87445e-13,1.31435e-11,24.9153,39.25
1.58,25,0.082321,0.082321,3.84696e-13,1.33203e-11,24.9153,39.5
1.59,25,0.082321,0.082321,3.82038e-13,1.34982e-11,24.9153,39.75
1.6,25,0.082321,0.082321,3.79474e-13,1.36772e-11,24.9153,40
1.61,25,0.082321,0.082321,3.77004e-13,1.38574e-11,24.9153,40.25
1.62,25,0.082321,0.082321,3.74632e-13,1.40386e-11,24.9153,40.5
1.63,25,0.082321,0.082321,3.72349e-13,1.42209e-11,24.9153,40.75
1.64,25,0.082321,0.082321,3.70157e-13,1.44042e-11,24.9153,41
1.65,25,0.082321,0.082321,3.68051e-13,1.45887e-11,24.9153,41.25
1.66,25,0.082321,0.082321,3.66034e-13,1.47742e-11,24.9153,41.5
1.67,25,0.082321,0.082321,3.64108e-13,1.49607e-11,24.9153,41.75
1.68,25,0.082321,0.082321,3.6226e-13,1.51483e-11,24.9153,42
1.69,25,0.082321,0.082321,3.60499e-13,1.5337e-11,24.9153,42.25
1.7,25,0.082321,0.082321,3.58818e-13,1.55266e-11,24.9153,42.5
1.71,25,0.082321,0.082321,3.57216e-13,1.57173e-11,24.9153,42.75
1.72,25,0.082321,0.082321,3.55692e-13,1.5909e-11,24.9153,43
1.73,25,0.082321,0.082321,3.54242e-13,1.61017e-11,24.9153,43.25
1.74,25,0.082321,0.082321,3.52865e-13,1.62954e-11,24.9153,43.5
1.75,25,0.082321,0.082321,3.51561e-13,1.64902e-11,24.9153,43.75
1.76,25,0.082321,0.082321,3.50324e-13,1.66859e-11,24.9153,44
1.77,25,0.082321,0.082321,3.49154e-13,1.68826e-11,24.9153,44.25
1.78,25,0.082321,0.082321,3.48051e-13,1.70803e-11,24.9153,44.5
1.79,25,0.082321,0.082321,3.47008e-13,1.72789e-11,24.9153,44.75
1.8,25,0.082321,0.082321,3.46026e-13,1.74785e-11,24.9153,45
1.81,25,0.082321,0.082321,3.45099e-13,1.76791e-11,24.9153,45.25
1.82,25,0.082321,0.082321,3.44234e-13,1.78806e-11,24.9153,45.5
1.83,25,0.082321,0.082321,3.43424e-13,1.80831e-11,24.9153,45.75
1.84,25,0.082321,0.082321,3.42662e-13,1.82865e-11,24.9153,46
1.85,25,0.082321,0.082321,3.41946e-13,1.84909e-11,24.9153,46.25
1.86,25,0.082321,0.082321,3.41272e-13,1.86962e-11,24.9153,46.5
1.87,25,0.082321,0.082321,3.40642e-13,1.89024e-11,24.9153,46.75
1.88,25,0.082321,0.082321,3.40052e-13,1.91095e-11,24.9153,47
1.89,25,0.082321,0.082321,3.39495e-13,1.93175e-11,24.9153,47.25
1.9,25,0.082321,0.082321,3.38977e-13,1.95265e-11,24.9153,47.5
1.91,25,0.082321,0.082321,3.38491e-13,1.97363e-11,24.9153,47.75
1.92,25,0.082321,0.082321,3.38032e-13,1.9947e-11,24.9153,48
1.93,25,0.082321,0.082321,3.37602e-13,2.01586e-11,24.9153,48.25
1.94,25,0.082321,0.082321,3.372e-13,2.03712e-11,24.9153,48.5
1.95,25,0.082321,0.082321,3.36818e-13,2.05845e-11,24.9153,48.75
1.96,25,0.082321,0.082321,3.36453e-13,2.07988e-11,24.9153,49
1.97,25,0.082321,0.082321,3.36106e-13,2.10139e-11,24.9153,49.25
1.98,25,0.082321,0.082321,3.35777e-13,2.12299e-11,24.9153,49.5
1.99,25,0.082321,0.082321,3.35458e-13,2.14468e-11,24.9153,49.75
2,25,0.082321,0.082321,3.35152e-13,2.16645e-11,24.9153,50
2.01,25,0.082321,0.082321,3.34856e-13,2.1883e-11,24.9153,50.25
2.02,25,0.082321,0.082321,3.34567e-13,2.21024e-11,24.9153,50.5
2.03,25,0.082321,0.082321,3.34286e-13,2.23227e-11,24.9153,50.75
2.04,25,0.082321,0.082321,3.34005e-13,2.25438e-11,24.9153,51
2.05,25,0.082321,0.082321,3.33727e-13,2.27657e-11,24.9153,51.25
2.06,25,0.082321,0.082321,3.33444e-13,2.29884e-11,24.9153,51.5
2.07,25,0.082321,0.082321,3.33158e-13,2.3212e-11,24.9153,51.75
2.08,25,0.082321,0.082321,3.32866e-13,2.34364e-11,24.9153,52
2.09,25,0.082321,0.082321,3.32568e-13,2.36616e-11,24.9153,52.25
2.1,25,0.082321,0.082321,3.32262e-13,2.38876e-11,24.9153,52.5
2.11,25,0.082321,0.082321,3.31945e-13,2.41145e-11,24.9153,52.75
2.12,25,0.082321,0.082321,3.31616e-13,2.43421e-11,24.9153,53
2.13,25,0.082321,0.082321,3.31277e-13,2.45705e-11,24.9153,53.25
2.14,25,0.082321,0.082321,3.30925e-13,2.47998e-11,24.9153,53.5
2.15,25,0.082321,0.082321,3.30556e-13,2.50298e-11,24.9153,53.75
2.16,25,0.082321,0.082321,3.30168e-13,2.52606e-11,24.9153,54
2.17,25,0.082321,0.082321,3.29761e-13,2.54923e-11,24.9153,54.25
2.18,25,0.082321,0.082321,3.29336e-13,2.57247e-11,24.9153,54.5
2.19,25,0.082321,0.082321,3.28888e-13,2.59579e-11,24.9153,54.75
2.2,25,0.082321,0.082321,3.28417e-13,2.61918e-11,24.9153,55
2.21,25,0.082321,0.082321,3.27928e-13,2.64266e-11,24.9153,55.25
2.22,25,0.082321,0.082321,3.27412e-13,2.66621e-11,24.9153,55.5
2.23,25,0.082321,0.082321,3.26873e-13,2.68984e-11,24.9153,55.75
2.24,25,0.082321,0.082321,3.26306e-13,2.71354e-11,24.9153,56
2.25,25,0.082321,0.082321,3.25711e-13,2.73732e-11,24.9153,56.25
2.26,25,0.082321,0.082321,3.25088e-13,2.76118e-11,24.9153,56.5
2.27,25,0.082321,0.082321,3.24438e-13,2.78511e-11,24.9153,56.75
2.28,25,0.082321,0.082321,3.23762e-13,2.80912e-11,24.9153,57
2.29,25,0.082321,0.082321,3.23058e-13,2.83321e-11,24.9153,57.25
2.3,25,0.082321,0.082321,3.22322e-13,2.85736e-11,24.9153,57.5
2.31,25,0.082321,0.082321,3.21555e-13,2.8816e-11,24.9153,57.75
2.32,25,0.082321,0.082321,3.2076e-13,2.90591e-11,24.9153,58
2.33,25,0.082321,0.082321,3.19935e-13,2.93029e-11,24.9153,58.25
2.34,25,0.082321,0.082321,3.19077e-13,2.95474e-11,24.9153,58.5
2.35,25,0.082321,0.082321,3.18189e-13,2.97927e-11,24.9153,58.75
2.36,25,0.082321,0.082321,3.1727e-13,3.00387e-11,24.9153,59
2.37,25,0.082321,0.082321,3.16321e-13,3.02855e-11,24.9153,59.25
2.38,25,0.082321,0.082321,3.15341e-13,3.0533e-11,24.9153,59.5
2.39,25,0.082321,0.082321,3.14331e-13,3.07812e-11,24.9153,59.75
2.4,25,0.082321,0.082321,3.13283e-13,3.10301e-11,24.9153,60
2.41,25,0.082321,0.082321,3.12213e-13,3.12798e-11,24.9153,60.25
2.42,25,0.082321,0.082321,3.11107e-13,3.15301e-11,24.9153,60.5
2.43,25,0.082321,0.082321,3.0997e-13,3.17812e-11,24.9153,60.75
2.44,25,0.082321,0.082321,3.08803e-13,3.2033e-11,24.9153,61
2.45,25,0.082321,0.082321,3.07606e-13,3.22855e-11,24.9153,61.25
2.46,25,0.082321,0.082321,3.06381e-13,3.25387e-11,24.9153,61.5
2.47,25,0.082321,0.082321,3.05125e-13,3.27926e-11,24.9153,61.75
2.48,25,0.082321,0.082321,3.03842e-13,3.30472e-11,24.9153,62
2.49,25,0.082321,0.082321,3.02529e-13,3.33025e-11,24.9153,62.25
2.5,25,0.082321,0.082321,3.01187e-13,3.35585e-11,24.9153,62.5
2.51,25,0.082321,0.082321,2.99815e-13,3.38152e-11,24.9153,62.75
2.52,25,0.082321,0.082321,2.98416e-13,3.40726e-11,24.9153,63
2.53,25,0.082321,0.082321,2.96988e-13,3.43306e-11,24.9153,63.25
2.54,25,0.082321,0.082321,2.95538e-13,3.45894e-11,24.9153,63.5
2.55,25,0.082321,0.082321,2.94059e-13,3.48488e-11,24.9153,63.75
2.56,25,0.082321,0.082321,2.92551e-13,3.51089e-11,24.9153,64
2.57,25,0.082321,0.082321,2.9102e-13,3.53697e-11,24.9153,64.25
2.58,25,0.082321,0.082321,2.89466e-13,3.56311e-11,24.9153,64.5
2.59,25,0.082321,0.082321,2.87886e-13,3.58932e-11,24.9153,64.75
2.6,25,0.082321,0.082321,2.86284e-13,3.6156e-11,24.9153,65
2.61,25,0.082321,0.082321,2.84659e-13,3.64195e-11,24.9153,65.25
2.62,25,0.082321,0.082321,2.83011e-13,3.66836e-11,24.9153,65.5
2.63,25,0.082321,0.082321,2.81341e-13,3.69483e-11,24.9153,65.75
2.64,25,0.082321,0.082321,2.79655e-13,3.72137e-11,24.9153,66
2.65,25,0.082321,0.082321,2.77946e-13,3.74798e-11,24.9153,66.25
2.66,25,0.082321,0.082321,2.7622e-13,3.77465e-11,24.9153,66.5
2.67,25,0.082321,0.082321,2.74474e-13,3.80139e-11,24.9153,66.75
2.68,25,0.082321,0.082321,2.72715e-13,3.82819e-11,24.9153,67
2.69,25,0.082321,0.082321,2.70935e-13,3.85505e-11,24.9153,67.25
2.7,25,0.082321,0.082321,2.69138e-13,3.88198e-11,24.9153,67.5
2.71,25,0.082321,0.082321,2.67331e-13,3.90897e-11,24.9153,67.75
2.72,25,0.082321,0.082321,2.65506e-13,3.93602e-11,24.9153,68
2.73,25,0.082321,0.082321,2.63666e-13,3.96313e-11,24.9153,68.25
2.74,25,0.082321,0.082321,2.61813e-13,3.99031e-11,24.9153,68.5
2.75,25,0.082321,0.082321,2.5995e-13,4.01755e-11,24.9153,68.75
2.76,25,0.082321,0.082321,2.58077e-13,4.04485e-11,24.9153,69
2.77,25,0.082321,0.082321,2.56186e-13,4.07221e-11,24.9153,69.25
2.78,25,0.082321,0.082321,2.54291e-13,4.09963e-11,24.9153,69.5
2.79,25,0.082321,0.082321,2.52385e-13,4.12711e-11,24.9153,69.75
2.8,25,0.082321,0.082321,2.50474e-13,4.15465e-11,24.9153,70
2.81,25,0.082321,0.082321,2.48555e-13,4.18225e-11,24.9153,70.25
2.82,25,0.082321,0.082321,2.46632e-13,4.20991e-11,24.9153,70.5
2.83,25,0.082321,0.082321,2.44703e-13,4.23763e-11,24.9153,70.75
2.84,25,0.082321,0.082321,2.42769e-13,4.26541e-11,24.9153,71
2.85,25,0.082321,0.082321,2.40835e-13,4.29324e-11,24.9153,71.25
2.86,25,0.082321,0.082321,2.38899e-13,4.32114e-11,24.9153,71.5
2.87,25,0.082321,0.082321,2.36958e-13,4.34909e-11,24.9153,71.75
2.88,25,0.082321,0.082321,2.35016e-13,4.3771e-11,24.9153,72
2.89,25,0.082321,0.082321,2.3308e-13,4.40517e-11,24.9153,72.25
2.9,25,0.082321,0.082321,2.31144e-13,4.43329e-11,24.9153,72.5
2.91,25,0.082321,0.082321,2.29205e-13,4.46147e-11,24.9153,72.75
2.92,25,0.082321,0.082321,2.27271e-13,4.48971e-11,24.9153,73
2.93,25,0.082321,0.082321,2.25337e-13,4.518e-11,24.9153,73.25
2.94,25,0.082321,0.082321,2.23409e-13,4.54634e-11,24.9153,73.5
2.95,25,0.082321,0.082321,2.21485e-13,4.57474e-11,24.9153,73.75
2.96,25,0.082321,0.082321,2.19564e-13,4.6032e-11,24.9153,74
2.97,25,0.082321,0.082321,2.17648e-13,4.63171e-11,24.9153,74.25
2.98,25,0.082321,0.082321,2.15737e-13,4.66027e-11,24.9153,74.5
2.99,25,0.082321,0.082321,2.13836e-13,4.68889e-11,24.9153,74.75
3,25,0.082321,0.082321,2.1194e-13,4.71756e-11,24.9153,75
3.01,25,0.082321,0.082321,2.10047e-13,4.74628e-11,24.9153,75.25
3.02,25,0.082321,0.082321,2.08164e-13,4.77505e-11,24.9153,75.5
3.03,25,0.082321,0.082321,2.06291e-13,4.80388e-11,24.9153,75.75
3.04,25,0.082321,0.082321,2.0442e-13,4.83276e-11,24.9153,76
3.05,25,0.082321,0.082321,2.0256e-13,4.86169e-11,24.9153,76.25
3.06,25,0.082321,0.082321,2.0071e-13,4.89066e-11,24.9153,76.5
3.07,25,0.082321,0.082321,1.98867e-13,4.91969e-11,24.9153,76.75
3.08,25,0.082321,0.082321,1.97034e-13,4.94877e-11,24.9153,77
3.09,25,0.082321,0.082321,1.95212e-13,4.9779e-11,24.9153,77.25
3.1,25,0.082321,0.082321,1.93397e-13,5.00708e-11,24.9153,77.5
3.11,25,0.082321,0.082321,1.91592e-13,5.0363e-11,24.9153,77.75
3.12,25,0.082321,0.082321,1.89795e-13,5.06557e-11,24.9153,78
3.13,25,0.082321,0.082321,1.88008e-13,5.0949e-11,24.9153,78.25
3.14,25,0.082321,0.082321,1.86234e-13,5.12426e-11,24.9153,78.5
3.15,25,0.082321,0.082321,1.8447e-13,5.15368e-11,24.9153,78.75
3.16,25,0.082321,0.082321,1.82718e-13,5.18314e-11,24.9153,79
3.17,25,0.082321,0.082321,1.80977e-13,5.21265e-11,24.9153,79.25
3.18,25,0.082321,0.082321,1.79248e-13,5.2422e-11,24.9153,79.5
3.19,25,0.082321,0.082321,1.7753e-13,5.2718e-11,24.9153,79.75
3.2,25,0.082321,0.082321,1.75824e-13,5.30144e-11,24.9153,80
3.21,25,0.082321,0.082321,1.7413e-13,5.33113e-11,24.9153,80.25
3.22,25,0.082321,0.082321,1.72452e-13,5.36086e-11,24.9153,80.5
3.23,25,0.082321,0.082321,1.70782e-13,5.39064e-11,24.9153,80.75
3.24,25,0.082321,0.082321,1.69129e-13,5.42046e-11,24.9153,81
3.25,25,0.082321,0.082321,1.67486e-13,5.45032e-11,24.9153,81.25
3.26,25,0.082321,0.082321,1.65856e-13,5.48022e-11,24.9153,81.5
3.27,25,0.082321,0.082321,1.64239e-13,5.51017e-11,24.9153,81.75
3.28,25,0.082321,0.082321,1.62634e-13,5.54016e-11,24.9153,82
3.29,25,0.082321,0.082321,1.61042e-13,5.57019e-11,24.9153,82.25
3.3,25,0.082321,0.082321,1.59465e-13,5.60026e-11,24.9153,82.5
3.31,25,0.082321,0.082321,1.57896e-13,5.63037e-11,24.9153,82.75
3.32,25,0.082321,0.082321,1.56339e-13,5.66053e-11,24.9153,83
3.33,25,0.082321,0.082321,1.54795e-13,5.69072e-11,24.9153,83.25
3.34,25,0.082321,0.082321,1.53264e-13,5.72095e-11,24.9153,83.5
3.35,25,0.082321,0.082321,1.51745e-13,5.75122e-11,24.9153,83.75
3.36,25,0.082321,0.082321,1.50234e-13,5.78153e-11,24.9153,84
3.37,25,0.082321,0.082321,1.48741e-13,5.81188e-11,24.9153,84.25
3.38,25,0.082321,0.082321,1.47255e-13,5.84226e-11,24.9153,84.5
3.39,25,0.082321,0.082321,1.45782e-13,5.87269e-11,24.9153,84.75
3.4,25,0.082321,0.082321,1.44321e-13,5.90315e-11,24.9153,85
3.41,25,0.082321,0.082321,1.42874e-13,5.93364e-11,24.9153,85.25
3.42,25,0.082321,0.082321,1.41436e-13,5.96418e-11,24.9153,85.5
3.43,25,0.082321,0.082321,1.40011e-13,5.99475e-11,24.9153,85.75
3.44,25,0.082321,0.082321,1.38594e-13,6.02535e-11,24.9153,86
3.45,25,0.082321,0.082321,1.37189e-13,6.05599e-11,24.9153,86.25
3.46,25,0.082321,0.082321,1.35792e-13,6.08667e-11,24.9153,86.5
3.47,25,0.082321,0.082321,1.34399e-13,6.11737e-11,24.9153,86.75
3.48,25,0.082321,0.082321,1.3302e-13,6.14811e-11,24.9153,87
3.49,25,0.082321,0.082321,1.31648e-13,6.17889e-11,24.9153,87.25
3.5,25,0.082321,0.082321,1.30289e-13,6.2097e-11,24.9153,87.5
3.51,25,0.082321,0.082321,1.28935e-13,6.24054e-11,24.9153,87.75
3.52,25,0.082321,0.082321,1.27593e-13,6.27141e-11,24.9153,88
3.53,25,0.082321,0.082321,1.26264e-13,6.30232e-11,24.9153,88.25
3.54,25,0.082321,0.082321,1.24941e-13,6.33326e-11,24.9153,88.5
3.55,25,0.082321,0.082321,1.2363e-13,6.36423e-11,24.9153,88.75
3.56,25,0.082321,0.082321,1.22329e-13,6.39523e-11,24.9153,89
3.57,25,0.082321,0.082321,1.2104e-13,6.42627e-11,24.9153,89.25
3.58,25,0.082321,0.082321,1.19757e-13,6.45733e-11,24.9153,89.5
3.59,25,0.082321,0.082321,1.18481e-13,6.48842e-11,24.9153,89.75
3.6,25,0.082321,0.082321,1.17211e-13,6.51955e-11,24.9153,90
3.61,25,0.082321,0.082321,1.15948e-13,6.5507e-11,24.9153,90.25
3.62,25,0.082321,0.082321,1.14695e-13,6.58188e-11,24.9153,90.5
3.63,25,0.082321,0.082321,1.13449e-13,6.61309e-11,24.9153,90.75
3.64,25,0.082321,0.082321,1.12209e-13,6.64433e-11,24.9153,91
3.65,25,0.082321,0.082321,1.10977e-13,6.6756e-11,24.9153,91.25
3.66,25,0.082321,0.082321,1.09749e-13,6.7069e-11,24.9153,91.5
3.67,25,0.082321,0.082321,1.08529e-13,6.73822e-11,24.9153,91.75
3.68,25,0.082321,0.082321,1.07314e-13,6.76957e-11,24.9153,92
3.69,25,0.082321,0.082321,1.06104e-13,6.80095e-11,24.9153,92.25
3.7,25,0.082321,0.082321,1.04902e-13,6.83235e-11,24.9153,92.5
3.71,25,0.082321,0.082321,1.037e-13,6.86378e-11,24.9153,92.75
3.72,25,0.082321,0.082321,1.02505e-13,6.89523e-11,24.9153,93
3.73,25,0.082321,0.082321,1.01315e-13,6.92671e-11,24.9153,93.25
3.74,25,0.082321,0.082321,1.00131e-13,6.95822e-11,24.9153,93.5
3.75,25,0.082321,0.082321,9.89487e-14,6.98974e-11,24.9153,93.75
3.76,25,0.082321,0.082321,9.77667e-14,7.0213e-11,24.9153,94
3.77,25,0.082321,0.082321,9.65897e-14,7.05287e-11,24.9153,94.25
3.78,25,0.082321,0.082321,9.54153e-14,7.08448e-11,24.9153,94.5
3.79,25,0.082321,0.082321,9.42459e-14,7.1161e-11,24.9153,94.75
3.8,25,0.082321,0.082321,9.30766e-14,7.14775e-11,24.9153,95
3.81,25,0.082321,0.082321,9.19148e-14,7.17942e-11,24.9153,95.25
3.82,25,0.082321,0.082321,9.0753e-14,7.21111e-11,24.9153,95.5
3.83,25,0.082321,0.082321,8.95963e-14,7.24282e-11,24.9153,95.75
3.84,25,0.082321,0.082321,8.84446e-14,7.27456e-11,24.9153,96
3.85,25,0.082321,0.082321,8.72955e-14,7.30632e-11,24.9153,96.25
3.86,25,0.082321,0.082321,8.61514e-14,7.3381e-11,24.9153,96.5
3.87,25,0.082321,0.082321,8.50074e-14,7.3699e-11,24.9153,96.75
3.88,25,0.082321,0.082321,8.38684e-14,7.40172e-11,24.9153,97
3.89,25,0.082321,0.082321,8.27319e-14,7.43356e-11,24.9153,97.25
3.9,25,0.082321,0.082321,8.16005e-14,7.46543e-11,24.9153,97.5
3.91,25,0.082321,0.082321,8.0464e-14,7.49731e-11,24.9153,97.75
3.92,25,0.082321,0.082321,7.93326e-14,7.52921e-11,24.9153,98
3.93,25,0.082321,0.082321,7.81987e-14,7.56113e-11,24.9153,98.25
3.94,25,0.082321,0.082321,7.70698e-14,7.59307e-11,24.9153,98.5
3.95,25,0.082321,0.082321,7.59409e-14,7.62503e-11,24.9153,98.75
3.96,25,0.082321,0.082321,7.48121e-14,7.657e-11,24.9153,99
3.97,25,0.082321,0.082321,7.36857e-14,7.689e-11,24.9153,99.25
3.98,25,0.082321,0.082321,7.25594e-14,7.72101e-11,24.9153,99.5
3.99,25,0.082321,0.082321,7.1433e-14,7.75303e-11,24.9153,99.75
4,25,0.082321,0.082321,7.03067e-14,7.78508e-11,24.9153,100
4.01,25,0.082321,0.082321,6.91803e-14,7.81714e-11,24.9153,100.25
4.02,25,0.082321,0.082321,6.80616e-14,7.84922e-11,24.9153,100.5
4.03,25,0.082321,0.082321,6.69428e-14,7.88131e-11,24.9153,100.75
4.04,25,0.082321,0.082321,6.58241e-14,7.91343e-11,24.9153,101
4.05,25,0.082321,0.082321,6.47104e-14,7.94555e-11,24.9153,101.25
4.06,25,0.082321,0.082321,6.35967e-14,7.97769e-11,24.9153,101.5
4.07,25,0.082321,0.082321,6.24855e-14,8.00985e-11,24.9153,101.75
4.08,25,0.082321,0.082321,6.13795e-14,8.04203e-11,24.9153,102
4.09,25,0.082321,0.082321,6.02734e-14,8.07421e-11,24.9153,102.25
4.1,25,0.082321,0.082321,5.91723e-14,8.10642e-11,24.9153,102.5
4.11,25,0.082321,0.082321,5.80662e-14,8.13863e-11,24.9153,102.75
4.12,25,0.082321,0.082321,5.69677e-14,8.17086e-11,24.9153,103
4.13,25,0.082321,0.082321,5.58692e-14,8.20311e-11,24.9153,103.25
4.14,25,0.082321,0.082321,5.47707e-14,8.23536e-11,24.9153,103.5
4.15,25,0.082321,0.082321,5.36722e-14,8.26763e-11,24.9153,103.75
4.16,25,0.082321,0.082321,5.25737e-14,8.29991e-11,24.9153,104
4.17,25,0.082321,0.082321,5.14752e-14,8.33221e-11,24.9153,104.25
4.18,25,0.082321,0.082321,5.03792e-14,8.36451e-11,24.9153,104.5
4.19,25,0.082321,0.082321,4.92833e-14,8.39683e-11,24.9153,104.75
4.2,25,0.082321,0.082321,4.81873e-14,8.42916e-11,24.9153,105
4.21,25,0.082321,0.082321,4.70913e-14,8.4615e-11,24.9153,105.25
4.22,25,0.082321,0.082321,4.59903e-14,8.49385e-11,24.9153,105.5
4.23,25,0.082321,0.082321,4.48893e-14,8.52621e-11,24.9153,105.75
4.24,25,0.082321,0.082321,4.37958e-14,8.55858e-11,24.9153,106
4.25,25,0.082321,0.082321,4.27024e-14,8.59097e-11,24.9153,106.25
4.26,25,0.082321,0.082321,4.16089e-14,8.62336e-11,24.9153,106.5
4.27,25,0.082321,0.082321,4.05155e-14,8.65576e-11,24.9153,106.75
4.28,25,0.082321,0.082321,3.94221e-14,8.68817e-11,24.9153,107
4.29,25,0.082321,0.082321,3.83337e-14,8.72059e-11,24.9153,107.25
4.3,25,0.082321,0.082321,3.72453e-14,8.75302e-11,24.9153,107.5
4.31,25,0.082321,0.082321,3.61645e-14,8.78546e-11,24.9153,107.75
4.32,25,0.082321,0.082321,3.50837e-14,8.81791e-11,24.9153,108
4.33,25,0.082321,0.082321,3.4003e-14,8.85036e-11,24.9153,108.25
4.34,25,0.082321,0.082321,3.29272e-14,8.88283e-11,24.9153,108.5
4.35,25,0.082321,0.082321,3.18566e-14,8.9153e-11,24.9153,108.75
4.36,25,0.082321,0.082321,3.07859e-14,8.94778e-11,24.9153,109
4.37,25,0.082321,0.082321,2.97203e-14,8.98026e-11,24.9153,109.25
4.38,25,0.082321,0.082321,2.86547e-14,9.01276e-11,24.9153,109.5
4.39,25,0.082321,0.082321,2.75916e-14,9.04526e-11,24.9153,109.75
4.4,25,0.082321,0.082321,2.65336e-14,9.07776e-11,24.9153,110
4.41,25,0.082321,0.082321,2.54807e-14,9.11027e-11,24.9153,110.25
4.42,25,0.082321,0.082321,2.44278e-14,9.14279e-11,24.9153,110.5
4.43,25,0.082321,0.082321,2.33748e-14,9.17531e-11,24.9153,110.75
4.44,25,0.082321,0.082321,2.23269e-14,9.20784e-11,24.9153,111
4.45,25,0.082321,0.082321,2.12791e-14,9.24038e-11,24.9153,111.25
4.46,25,0.082321,0.082321,2.02362e-14,9.27291e-11,24.9153,111.5
4.47,25,0.082321,0.082321,1.91985e-14,9.30546e-11,24.9153,111.75
4.48,25,0.082321,0.082321,1.81658e-14,9.33801e-11,24.9153,112
4.49,25,0.082321,0.082321,1.71382e-14,9.37056e-11,24.9153,112.25
4.5,25,0.082321,0.082321,1.61156e-14,9.40312e-11,24.9153,112.5
4.51,25,0.082321,0.082321,1.50981e-14,9.43568e-11,24.9153,112.75
4.52,25,0.082321,0.082321,1.40856e-14,9.46825e-11,24.9153,113
4.53,25,0.082321,0.082321,1.30783e-14,9.50082e-11,24.9153,113.25
4.54,25,0.082321,0.082321,1.20759e-14,9.53339e-11,24.9153,113.5
4.55,25,0.082321,0.082321,1.10787e-14,9.56596e-11,24.9153,113.75
4.56,25,0.082321,0.082321,1.00865e-14,9.59854e-11,24.9153,114
4.57,25,0.082321,0.082321,9.10441e-15,9.63112e-11,24.9153,114.25
4.58,25,0.082321,0.082321,8.1274e-15,9.66371e-11,24.9153,114.5
4.59,25,0.082321,0.082321,7.15545e-15,9.69629e-11,24.9153,114.75
4.6,25,0.082321,0.082321,6.18351e-15,9.72888e-11,24.9153,115
4.61,25,0.082321,0.082321,5.21662e-15,9.76147e-11,24.9153,115.25
4.62,25,0.082321,0.082321,4.2548e-15,9.79406e-11,24.9153,115.5
4.63,25,0.082321,0.082321,3.29804e-15,9.82665e-11,24.9153,115.75
4.64,25,0.082321,0.082321,2.33875e-15,9.85924e-11,24.9153,116
4.65,25,0.082321,0.082321,1.38452e-15,9.89183e-11,24.9153,116.25
4.66,25,0.082321,0.082321,4.30289e-16,9.92442e-11,24.9153,116.5
4.67,25,0.082321,0.082321,-5.18878e-16,9.95701e-11,24.9153,116.75
4.68,25,0.082321,0.082321,-1.46298e-15,9.9896e-11,24.9153,117
4.69,25,0.082321,0.082321,-2.40202e-15,1.00222e-10,24.9153,117.25
4.7,25,0.082321,0.082321,-3.336e-15,1.00548e-10,24.9153,117.5
4.71,25,0.082321,0.082321,-4.25986e-15,1.00874e-10,24.9153,117.75
4.72,25,0.082321,0.082321,-5.18119e-15,1.012e-10,24.9153,118
4.73,25,0.082321,0.082321,-6.09745e-15,1.01525e-10,24.9153,118.25
4.74,25,0.082321,0.082321,-7.00865e-15,1.01851e-10,24.9153,118.5
4.75,25,0.082321,0.082321,-7.91479e-15,1.02177e-10,24.9153,118.75
4.76,25,0.082321,0.082321,-8.8108e-15,1.02503e-10,24.9153,119
4.77,25,0.082321,0.082321,-9.70428e-15,1.02829e-10,24.9153,119.25
4.78,25,0.082321,0.082321,-1.05927e-14,1.03155e-10,24.9153,119.5
4.79,25,0.082321,0.082321,-1.1471e-14,1.0348e-10,24.9153,119.75
4.8,25,0.082321,0.082321,-1.23493e-14,1.03806e-10,24.9153,120
4.81,25,0.082321,0.082321,-1.322e-14,1.04132e-10,24.9153,120.25
4.82,25,0.082321,0.082321,-1.40856e-14,1.04458e-10,24.9153,120.5
4.83,25,0.082321,0.082321,-1.49462e-14,1.04783e-10,24.9153,120.75
4.84,25,0.082321,0.082321,-1.58093e-14,1.05109e-10,24.9153,121
4.85,25,0.082321,0.082321,-1.66674e-14,1.05434e-10,24.9153,121.25
4.86,25,0.082321,0.082321,-1.75204e-14,1.0576e-10,24.9153,121.5
4.87,25,0.082321,0.082321,-1.83683e-14,1.06085e-10,24.9153,121.75
4.88,25,0.082321,0.082321,-1.92137e-14,1.06411e-10,24.9153,122
4.89,25,0.082321,0.082321,-2.0054e-14,1.06736e-10,24.9153,122.25
4.9,25,0.082321,0.082321,-2.08893e-14,1.07061e-10,24.9153,122.5
4.91,25,0.082321,0.082321,-2.1722e-14,1.07387e-10,24.9153,122.75
4.92,25,0.082321,0.082321,-2.25497e-14,1.07712e-10,24.9153,123
4.93,25,0.082321,0.082321,-2.33748e-14,1.08037e-10,24.9153,123.25
4.94,25,0.082321,0.082321,-2.41898e-14,1.08362e-10,24.9153,123.5
4.95,25,0.082321,0.082321,-2.49998e-14,1.08687e-10,24.9153,123.75
4.96,25,0.082321,0.082321,-2.58072e-14,1.09012e-10,24.9153,124
4.97,25,0.082321,0.082321,-2.66096e-14,1.09337e-10,24.9153,124.25
4.98,25,0.082321,0.082321,-2.74094e-14,1.09662e-10,24.9153,124.5
4.99,25,0.082321,0.082321,-2.82042e-14,1.09987e-10,24.9153,124.75
5,25,0.082321,0.082321,-2.89888e-14,1.10312e-10,24.9153,125
5.01,25,0.082321,0.082321,-2.97709e-14,1.10636e-10,24.9153,125.25
5.02,25,0.082321,0.082321,-3.0548e-14,1.10961e-10,24.9153,125.5
5.03,25,0.082321,0.082321,-3.13225e-14,1.11285e-10,24.9153,125.75
5.04,25,0.082321,0.082321,-3.20869e-14,1.1161e-10,24.9153,126
5.05,25,0.082321,0.082321,-3.28488e-14,1.11934e-10,24.9153,126.25
5.06,25,0.082321,0.082321,-3.36056e-14,1.12258e-10,24.9153,126.5
5.07,25,0.082321,0.082321,-3.43598e-14,1.12583e-10,24.9153,126.75
5.08,25,0.082321,0.082321,-3.5109e-14,1.12907e-10,24.9153,127
5.09,25,0.082321,0.082321,-3.58557e-14,1.13231e-10,24.9153,127.25
5.1,25,0.082321,0.082321,-3.65923e-14,1.13555e-10,24.9153,127.5
5.11,25,0.082321,0.082321,-3.73263e-14,1.13878e-10,24.9153,127.75
5.12,25,0.082321,0.082321,-3.80502e-14,1.14202e-10,24.9153,128
5.13,25,0.082321,0.082321,-3.87716e-14,1.14526e-10,24.9153,128.25
5.14,25,0.082321,0.082321,-3.94904e-14,1.14849e-10,24.9153,128.5
5.15,25,0.082321,0.082321,-4.01991e-14,1.15173e-10,24.9153,128.75
5.16,25,0.082321,0.082321,-4.09053e-14,1.15496e-10,24.9153,129
5.17,25,0.082321,0.082321,-4.16013e-14,1.1582e-10,24.9153,129.25
5.18,25,0.082321,0.082321,-4.22949e-14,1.16143e-10,24.9153,129.5
5.19,25,0.082321,0.082321,-4.29808e-14,1.16466e-10,24.9153,129.75
5.2,25,0.082321,0.082321,-4.36617e-14,1.16789e-10,24.9153,130
5.21,25,0.082321,0.082321,-4.43349e-14,1.17112e-10,24.9153,130.25
5.22,25,0.082321,0.082321,-4.50057e-14,1.17434e-10,24.9153,130.5
5.23,25,0.082321,0.082321,-4.56663e-14,1.17757e-10,24.9153,130.75
5.24,25,0.082321,0.082321,-4.63244e-14,1.1808e-10,24.9153,131
5.25,25,0.082321,0.082321,-4.69749e-14,1.18402e-10,24.9153,131.25
5.26,25,0.082321,0.082321,-4.76203e-14,1.18724e-10,24.9153,131.5
5.27,25,0.082321,0.082321,-4.82582e-14,1.19047e-10,24.9153,131.75
5.28,25,0.082321,0.082321,-4.88884e-14,1.19369e-10,24.9153,132
5.29,25,0.082321,0.082321,-4.95161e-14,1.19691e-10,24.9153,132.25
5.3,25,0.082321,0.082321,-5.01388e-14,1.20013e-10,24.9153,132.5
5.31,25,0.082321,0.082321,-5.07589e-14,1.20334e-10,24.9153,132.75
5.32,25,0.082321,0.082321,-5.13765e-14,1.20656e-10,24.9153,133
5.33,25,0.082321,0.082321,-5.19865e-14,1.20977e-10,24.9153,133.25
5.34,25,0.082321,0.082321,-5.2594e-14,1.21299e-10,24.9153,133.5
5.35,25,0.082321,0.082321,-5.31964e-14,1.2162e-10,24.9153,133.75
5.36,25,0.082321,0.082321,-5.37962e-14,1.21941e-10,24.9153,134
5.37,25,0.082321,0.082321,-5.43885e-14,1.22262e-10,24.9153,134.25
5.38,25,0.082321,0.082321,-5.49783e-14,1.22583e-10,24.9153,134.5
5.39,25,0.082321,0.082321,-5.55604e-14,1.22904e-10,24.9153,134.75
5.4,25,0.082321,0.082321,-5.61375e-14,1.23224e-10,24.9153,135
5.41,25,0.082321,0.082321,-5.67121e-14,1.23545e-10,24.9153,135.25
5.42,25,0.082321,0.082321,-5.72791e-14,1.23865e-10,24.9153,135.5
5.43,25,0.082321,0.082321,-5.78435e-14,1.24185e-10,24.9153,135.75
5.44,25,0.082321,0.082321,-5.84054e-14,1.24505e-10,24.9153,136
5.45,25,0.082321,0.082321,-5.89648e-14,1.24825e-10,24.9153,136.25
5.46,25,0.082321,0.082321,-5.95166e-14,1.25145e-10,24.9153,136.5
5.47,25,0.082321,0.082321,-6.00658e-14,1.25464e-10,24.9153,136.75
5.48,25,0.082321,0.082321,-6.06075e-14,1.25784e-10,24.9153,137
5.49,25,0.082321,0.082321,-6.11466e-14,1.26103e-10,24.9153,137.25
5.5,25,0.082321,0.082321,-6.16807e-14,1.26422e-10,24.9153,137.5
5.51,25,0.082321,0.082321,-6.22071e-14,1.26741e-10,24.9153,137.75
5.52,25,0.082321,0.082321,-6.27311e-14,1.2706e-10,24.9153,138
5.53,25,0.082321,0.082321,-6.32525e-14,1.27378e-10,24.9153,138.25
5.54,25,0.082321,0.082321,-6.37714e-14,1.27697e-10,24.9153,138.5
5.55,25,0.082321,0.082321,-6.42826e-14,1.28015e-10,24.9153,138.75
5.56,25,0.082321,0.082321,-6.47914e-14,1.28334e-10,24.9153,139
5.57,25,0.082321,0.082321,-6.52926e-14,1.28652e-10,24.9153,139.25
5.58,25,0.082321,0.082321,-6.57912e-14,1.2897e-10,24.9153,139.5
5.59,25,0.082321,0.082321,-6.62822e-14,1.29287e-10,24.9153,139.75
5.6,25,0.082321,0.082321,-6.67657e-14,1.29605e-10,24.9153,140
5.61,25,0.082321,0.082321,-6.72466e-14,1.29922e-10,24.9153,140.25
5.62,25,0.082321,0.082321,-6.77199e-14,1.3024e-10,24.9153,140.5
5.63,25,0.082321,0.082321,-6.81932e-14,1.30557e-10,24.9153,140.75
5.64,25,0.082321,0.082321,-6.86589e-14,1.30874e-10,24.9153,141
5.65,25,0.082321,0.082321,-6.91171e-14,1.3119e-10,24.9153,141.25
5.66,25,0.082321,0.082321,-6.95676e-14,1.31507e-10,24.9153,141.5
5.67,25,0.082321,0.082321,-7.00156e-14,1.31823e-10,24.9153,141.75
5.68,25,0.082321,0.082321,-7.0456e-14,1.3214e-10,24.9153,142
5.69,25,0.082321,0.082321,-7.08939e-14,1.32456e-10,24.9153,142.25
5.7,25,0.082321,0.082321,-7.13293e-14,1.32772e-10,24.9153,142.5
5.71,25,0.082321,0.082321,-7.17621e-14,1.33087e-10,24.9153,142.75
5.72,25,0.082321,0.082321,-7.21898e-14,1.33403e-10,24.9153,143
5.73,25,0.082321,0.082321,-7.26151e-14,1.33718e-10,24.9153,143.25
5.74,25,0.082321,0.082321,-7.30378e-14,1.34033e-10,24.9153,143.5
5.75,25,0.082321,0.082321,-7.34579e-14,1.34348e-10,24.9153,143.75
5.76,25,0.082321,0.082321,-7.38756e-14,1.34663e-10,24.9153,144
5.77,25,0.082321,0.082321,-7.42907e-14,1.34978e-10,24.9153,144.25
5.78,25,0.082321,0.082321,-7.47007e-14,1.35292e-10,24.9153,144.5
5.79,25,0.082321,0.082321,-7.51082e-14,1.35607e-10,24.9153,144.75
5.8,25,0.082321,0.082321,-7.55132e-14,1.35921e-10,24.9153,145
5.81,25,0.082321,0.082321,-7.59156e-14,1.36235e-10,24.9153,145.25
5.82,25,0.082321,0.082321,-7.63105e-14,1.36548e-10,24.9153,145.5
5.83,25,0.082321,0.082321,-7.67053e-14,1.36862e-10,24.9153,145.75
5.84,25,0.082321,0.082321,-7.70926e-14,1.37175e-10,24.9153,146
5.85,25,0.082321,0.082321,-7.74773e-14,1.37488e-10,24.9153,146.25
5.86,25,0.082321,0.082321,-7.78545e-14,1.37801e-10,24.9153,146.5
5.87,25,0.082321,0.082321,-7.82316e-14,1.38114e-10,24.9153,146.75
5.88,25,0.082321,0.082321,-7.86011e-14,1.38427e-10,24.9153,147
5.89,25,0.082321,0.082321,-7.89681e-14,1.38739e-10,24.9153,147.25
5.9,25,0.082321,0.082321,-7.93276e-14,1.39051e-10,24.9153,147.5
5.91,25,0.082321,0.082321,-7.9687e-14,1.39363e-10,24.9153,147.75
5.92,25,0.082321,0.082321,-8.00439e-14,1.39675e-10,24.9153,148
5.93,25,0.082321,0.082321,-8.03932e-14,1.39987e-10,24.9153,148.25
5.94,25,0.082321,0.082321,-8.07374e-14,1.40298e-10,24.9153,148.5
5.95,25,0.082321,0.082321,-8.10791e-14,1.4061e-10,24.9153,148.75
5.96,25,0.082321,0.082321,-8.14132e-14,1.40921e-10,24.9153,149
5.97,25,0.082321,0.082321,-8.17473e-14,1.41231e-10,24.9153,149.25
5.98,25,0.082321,0.082321,-8.20789e-14,1.41542e-10,24.9153,149.5
5.99,25,0.082321,0.082321,-8.24029e-14,1.41852e-10,24.9153,149.75
6,25,0.082321,0.082321,-8.27268e-14,1.42163e-10,24.9153,150
6.01,25,0.082321,0.082321,-8.30483e-14,1.42473e-10,24.9153,150.25
6.02,25,0.082321,0.082321,-8.33672e-14,1.42783e-10,24.9153,150.5
6.03,25,0.082321,0.082321,-8.36861e-14,1.43092e-10,24.9153,150.75
6.04,25,0.082321,0.082321,-8.40025e-14,1.43402e-10,24.9153,151
6.05,25,0.082321,0.082321,-8.43164e-14,1.43711e-10,24.9153,151.25
6.06,25,0.082321,0.082321,-8.46302e-14,1.4402e-10,24.9153,151.5
6.07,25,0.082321,0.082321,-8.49416e-14,1.44329e-10,24.9153,151.75
6.08,25,0.082321,0.082321,-8.52478e-14,1.44637e-10,24.9153,152
6.09,25,0.082321,0.082321,-8.55516e-14,1.44945e-10,24.9153,152.25
6.1,25,0.082321,0.082321,-8.58528e-14,1.45254e-10,24.9153,152.5
6.11,25,0.082321,0.082321,-8.6154e-14,1.45562e-10,24.9153,152.75
6.12,25,0.082321,0.082321,-8.64476e-14,1.45869e-10,24.9153,153
6.13,25,0.082321,0.082321,-8.67412e-14,1.46177e-10,24.9153,153.25
6.14,25,0.082321,0.082321,-8.70272e-14,1.46484e-10,24.9153,153.5
6.15,25,0.082321,0.082321,-8.73107e-14,1.46791e-10,24.9153,153.75
6.16,25,0.082321,0.082321,-8.75942e-14,1.47098e-10,24.9153,154
6.17,25,0.082321,0.082321,-8.78751e-14,1.47405e-10,24.9153,154.25
6.18,25,0.082321,0.082321,-8.8151e-14,1.47711e-10,24.9153,154.5
6.19,25,0.082321,0.082321,-8.84244e-14,1.48017e-10,24.9153,154.75
6.2,25,0.082321,0.082321,-8.86977e-14,1.48323e-10,24.9153,155
6.21,25,0.082321,0.082321,-8.89635e-14,1.48629e-10,24.9153,155.25
6.22,25,0.082321,0.082321,-8.92293e-14,1.48935e-10,24.9153,155.5
6.23,25,0.082321,0.082321,-8.94874e-14,1.4924e-10,24.9153,155.75
6.24,25,0.082321,0.082321,-8.97456e-14,1.49545e-10,24.9153,156
6.25,25,0.082321,0.082321,-9.00013e-14,1.4985e-10,24.9153,156.25
6.26,25,0.082321,0.082321,-9.02569e-14,1.50155e-10,24.9153,156.5
6.27,25,0.082321,0.082321,-9.0505e-14,1.50459e-10,24.9153,156.75
6.28,25,0.082321,0.082321,-9.0753e-14,1.50763e-10,24.9153,157
6.29,25,0.082321,0.082321,-9.09985e-14,1.51067e-10,24.9153,157.25
6.3,25,0.082321,0.082321,-9.1239e-14,1.51371e-10,24.9153,157.5
6.31,25,0.082321,0.082321,-9.14769e-14,1.51675e-10,24.9153,157.75
6.32,25,0.082321,0.082321,-9.17148e-14,1.51978e-10,24.9153,158
6.33,25,0.082321,0.082321,-9.19452e-14,1.52281e-10,24.9153,158.25
6.34,25,0.082321,0.082321,-9.21755e-14,1.52584e-10,24.9153,158.5
6.35,25,0.082321,0.082321,-9.24033e-14,1.52887e-10,24.9153,158.75
6.36,25,0.082321,0.082321,-9.2626e-14,1.53189e-10,24.9153,159
6.37,25,0.082321,0.082321,-9.28462e-14,1.53492e-10,24.9153,159.25
6.38,25,0.082321,0.082321,-9.30614e-14,1.53793e-10,24.9153,159.5
6.39,25,0.082321,0.082321,-9.32715e-14,1.54095e-10,24.9153,159.75
6.4,25,0.082321,0.082321,-9.3479e-14,1.54397e-10,24.9153,160
6.41,25,0.082321,0.082321,-9.36815e-14,1.54698e-10,24.9153,160.25
6.42,25,0.082321,0.082321,-9.38764e-14,1.54999e-10,24.9153,160.5
6.43,25,0.082321,0.082321,-9.40713e-14,1.553e-10,24.9153,160.75
6.44,25,0.082321,0.082321,-9.42611e-14,1.55601e-10,24.9153,161
6.45,25,0.082321,0.082321,-9.44484e-14,1.55901e-10,24.9153,161.25
6.46,25,0.082321,0.082321,-9.46307e-14,1.56201e-10,24.9153,161.5
6.47,25,0.082321,0.082321,-9.48053e-14,1.56501e-10,24.9153,161.75
6.48,25,0.082321,0.082321,-9.498e-14,1.56801e-10,24.9153,162
6.49,25,0.082321,0.082321,-9.51495e-14,1.571e-10,24.9153,162.25
6.5,25,0.082321,0.082321,-9.53115e-14,1.574e-10,24.9153,162.5
6.51,25,0.082321,0.082321,-9.54735e-14,1.57699e-10,24.9153,162.75
6.52,25,0.082321,0.082321,-9.56305e-14,1.57997e-10,24.9153,163
6.53,25,0.082321,0.082321,-9.57823e-14,1.58296e-10,24.9153,163.25
6.54,25,0.082321,0.082321,-9.59266e-14,1.58594e-10,24.9153,163.5
6.55,25,0.082321,0.082321,-9.60709e-14,1.58892e-10,24.9153,163.75
6.56,25,0.082321,0.082321,-9.62101e-14,1.5919e-10,24.9153,164
6.57,25,0.082321,0.082321,-9.63468e-14,1.59488e-10,24.9153,164.25
6.58,25,0.082321,0.082321,-9.64784e-14,1.59785e-10,24.9153,164.5
6.59,25,0.082321,0.082321,-9.66049e-14,1.60082e-10,24.9153,164.75
6.6,25,0.082321,0.082321,-9.67315e-14,1.60379e-10,24.9153,165
6.61,25,0.082321,0.082321,-9.68505e-14,1.60676e-10,24.9153,165.25
6.62,25,0.082321,0.082321,-9.69694e-14,1.60972e-10,24.9153,165.5
6.63,25,0.082321,0.082321,-9.70833e-14,1.61268e-10,24.9153,165.75
6.64,25,0.082321,0.082321,-9.71922e-14,1.61564e-10,24.9153,166
6.65,25,0.082321,0.082321,-9.72985e-14,1.6186e-10,24.9153,166.25
6.66,25,0.082321,0.082321,-9.73997e-14,1.62156e-10,24.9153,166.5
6.67,25,0.082321,0.082321,-9.74959e-14,1.62451e-10,24.9153,166.75
6.68,25,0.082321,0.082321,-9.75921e-14,1.62746e-10,24.9153,167
6.69,25,0.082321,0.082321,-9.76882e-14,1.63041e-10,24.9153,167.25
6.7,25,0.082321,0.082321,-9.77768e-14,1.63335e-10,24.9153,167.5
6.71,25,0.082321,0.082321,-9.78654e-14,1.6363e-10,24.9153,167.75
6.72,25,0.082321,0.082321,-9.7949e-14,1.63924e-10,24.9153,168
6.73,25,0.082321,0.082321,-9.80274e-14,1.64217e-10,24.9153,168.25
6.74,25,0.082321,0.082321,-9.81059e-14,1.64511e-10,24.9153,168.5
6.75,25,0.082321,0.082321,-9.81793e-14,1.64804e-10,24.9153,168.75
6.76,25,0.082321,0.082321,-9.82527e-14,1.65097e-10,24.9153,169
6.77,25,0.082321,0.082321,-9.83185e-14,1.6539e-10,24.9153,169.25
6.78,25,0.082321,0.082321,-9.83792e-14,1.65683e-10,24.9153,169.5
6.79,25,0.082321,0.082321,-9.844e-14,1.65975e-10,24.9153,169.75
6.8,25,0.082321,0.082321,-9.84957e-14,1.66267e-10,24.9153,170
6.81,25,0.082321,0.082321,-9.85514e-14,1.66559e-10,24.9153,170.25
6.82,25,0.082321,0.082321,-9.8602e-14,1.66851e-10,24.9153,170.5
6.83,25,0.082321,0.082321,-9.86526e-14,1.67142e-10,24.9153,170.75
6.84,25,0.082321,0.082321,-9.86982e-14,1.67434e-10,24.9153,171
6.85,25,0.082321,0.082321,-9.87412e-14,1.67724e-10,24.9153,171.25
6.86,25,0.082321,0.082321,-9.87792e-14,1.68015e-10,24.9153,171.5
6.87,25,0.082321,0.082321,-9.88171e-14,1.68306e-10,24.9153,171.75
6.88,25,0.082321,0.082321,-9.885e-14,1.68596e-10,24.9153,172
6.89,25,0.082321,0.082321,-9.88829e-14,1.68886e-10,24.9153,172.25
6.9,25,0.082321,0.082321,-9.89108e-14,1.69175e-10,24.9153,172.5
6.91,25,0.082321,0.082321,-9.89386e-14,1.69465e-10,24.9153,172.75
6.92,25,0.082321,0.082321,-9.89665e-14,1.69754e-10,24.9153,173
6.93,25,0.082321,0.082321,-9.89892e-14,1.70043e-10,24.9153,173.25
6.94,25,0.082321,0.082321,-9.9007e-14,1.70332e-10,24.9153,173.5
6.95,25,0.082321,0.082321,-9.90247e-14,1.7062e-10,24.9153,173.75
6.96,25,0.082321,0.082321,-9.90424e-14,1.70909e-10,24.9153,174
6.97,25,0.082321,0.082321,-9.9055e-14,1.71197e-10,24.9153,174.25
6.98,25,0.082321,0.082321,-9.90677e-14,1.71485e-10,24.9153,174.5
6.99,25,0.082321,0.082321,-9.90753e-14,1.71772e-10,24.9153,174.75
7,25,0.082321,0.082321,-9.90778e-14,1.72059e-10,24.9153,175
7.01,25,0.082321,0.082321,-9.90804e-14,1.72346e-10,24.9153,175.25
7.02,25,0.082321,0.082321,-9.90829e-14,1.72633e-10,24.9153,175.5
7.03,25,0.082321,0.082321,-9.90804e-14,1.7292e-10,24.9153,175.75
7.04,25,0.082321,0.082321,-9.90728e-14,1.73206e-10,24.9153,176
7.05,25,0.082321,0.082321,-9.90652e-14,1.73492e-10,24.9153,176.25
7.06,25,0.082321,0.082321,-9.90525e-14,1.73778e-10,24.9153,176.5
7.07,25,0.082321,0.082321,-9.90399e-14,1.74064e-10,24.9153,176.75
7.08,25,0.082321,0.082321,-9.90221e-14,1.74349e-10,24.9153,177
7.09,25,0.082321,0.082321,-9.89994e-14,1.74634e-10,24.9153,177.25
7.1,25,0.082321,0.082321,-9.89715e-14,1.74919e-10,24.9153,177.5
7.11,25,0.082321,0.082321,-9.89386e-14,1.75204e-10,24.9153,177.75
7.12,25,0.082321,0.082321,-9.89007e-14,1.75488e-10,24.9153,178
7.13,25,0.082321,0.082321,-9.88627e-14,1.75773e-10,24.9153,178.25
7.14,25,0.082321,0.082321,-9.88197e-14,1.76056e-10,24.9153,178.5
7.15,25,0.082321,0.082321,-9.87716e-14,1.7634e-10,24.9153,178.75
7.16,25,0.082321,0.082321,-9.87184e-14,1.76624e-10,24.9153,179
7.17,25,0.082321,0.082321,-9.86653e-14,1.76907e-10,24.9153,179.25
7.18,25,0.082321,0.082321,-9.86096e-14,1.7719e-10,24.9153,179.5
7.19,25,0.082321,0.082321,-9.85488e-14,1.77473e-10,24.9153,179.75
7.2,25,0.082321,0.082321,-9.8483e-14,1.77755e-10,24.9153,180
7.21,25,0.082321,0.082321,-9.84172e-14,1.78037e-10,24.9153,180.25
7.22,25,0.082321,0.082321,-9.83514e-14,1.78319e-10,24.9153,180.5
7.23,25,0.082321,0.082321,-9.82805e-14,1.78601e-10,24.9153,180.75
7.24,25,0.082321,0.082321,-9.82097e-14,1.78883e-10,24.9153,181
7.25,25,0.082321,0.082321,-9.81337e-14,1.79164e-10,24.9153,181.25
7.26,25,0.082321,0.082321,-9.80603e-14,1.79445e-10,24.9153,181.5
7.27,25,0.082321,0.082321,-9.79819e-14,1.79726e-10,24.9153,181.75
7.28,25,0.082321,0.082321,-9.79034e-14,1.80007e-10,24.9153,182
7.29,25,0.082321,0.082321,-9.78249e-14,1.80287e-10,24.9153,182.25
7.3,25,0.082321,0.082321,-9.77465e-14,1.80567e-10,24.9153,182.5
7.31,25,0.082321,0.082321,-9.76629e-14,1.80847e-10,24.9153,182.75
7.32,25,0.082321,0.082321,-9.75819e-14,1.81127e-10,24.9153,183
7.33,25,0.082321,0.082321,-9.74959e-14,1.81406e-10,24.9153,183.25
7.34,25,0.082321,0.082321,-9.74098e-14,1.81685e-10,24.9153,183.5
7.35,25,0.082321,0.082321,-9.73238e-14,1.81964e-10,24.9153,183.75
7.36,25,0.082321,0.082321,-9.72377e-14,1.82243e-10,24.9153,184
7.37,25,0.082321,0.082321,-9.71466e-14,1.82521e-10,24.9153,184.25
7.38,25,0.082321,0.082321,-9.7058e-14,1.82799e-10,24.9153,184.5
7.39,25,0.082321,0.082321,-9.69644e-14,1.83077e-10,24.9153,184.75
7.4,25,0.082321,0.082321,-9.68707e-14,1.83355e-10,24.9153,185
7.41,25,0.082321,0.082321,-9.6777e-14,1.83632e-10,24.9153,185.25
7.42,25,0.082321,0.082321,-9.66783e-14,1.8391e-10,24.9153,185.5
7.43,25,0.082321,0.082321,-9.65796e-14,1.84187e-10,24.9153,185.75
7.44,25,0.082321,0.082321,-9.64834e-14,1.84463e-10,24.9153,186
7.45,25,0.082321,0.082321,-9.63873e-14,1.8474e-10,24.9153,186.25
7.46,25,0.082321,0.082321,-9.6286e-14,1.85016e-10,24.9153,186.5
7.47,25,0.082321,0.082321,-9.61848e-14,1.85292e-10,24.9153,186.75
7.48,25,0.082321,0.082321,-9.60785e-14,1.85568e-10,24.9153,187
7.49,25,0.082321,0.082321,-9.59747e-14,1.85843e-10,24.9153,187.25
7.5,25,0.082321,0.082321,-9.58709e-14,1.86119e-10,24.9153,187.5
7.51,25,0.082321,0.082321,-9.57671e-14,1.86394e-10,24.9153,187.75
7.52,25,0.082321,0.082321,-9.56583e-14,1.86669e-10,24.9153,188
7.53,25,0.082321,0.082321,-9.55495e-14,1.86943e-10,24.9153,188.25
7.54,25,0.082321,0.082321,-9.54432e-14,1.87218e-10,24.9153,188.5
7.55,25,0.082321,0.082321,-9.53318e-14,1.87492e-10,24.9153,188.75
7.56,25,0.082321,0.082321,-9.52154e-14,1.87766e-10,24.9153,189
7.57,25,0.082321,0.082321,-9.50939e-14,1.8804e-10,24.9153,189.25
7.58,25,0.082321,0.082321,-9.49749e-14,1.88313e-10,24.9153,189.5
7.59,25,0.082321,0.082321,-9.48509e-14,1.88586e-10,24.9153,189.75
7.6,25,0.082321,0.082321,-9.47218e-14,1.88859e-10,24.9153,190
7.61,25,0.082321,0.082321,-9.45927e-14,1.89132e-10,24.9153,190.25
7.62,25,0.082321,0.082321,-9.44611e-14,1.89405e-10,24.9153,190.5
7.63,25,0.082321,0.082321,-9.43244e-14,1.89677e-10,24.9153,190.75
7.64,25,0.082321,0.082321,-9.41877e-14,1.89949e-10,24.9153,191
7.65,25,0.082321,0.082321,-9.4046e-14,1.90221e-10,24.9153,191.25
7.66,25,0.082321,0.082321,-9.39068e-14,1.90492e-10,24.9153,191.5
7.67,25,0.082321,0.082321,-9.37625e-14,1.90764e-10,24.9153,191.75
7.68,25,0.082321,0.082321,-9.36132e-14,1.91035e-10,24.9153,192
7.69,25,0.082321,0.082321,-9.34664e-14,1.91306e-10,24.9153,192.25
7.7,25,0.082321,0.082321,-9.33145e-14,1.91577e-10,24.9153,192.5
7.71,25,0.082321,0.082321,-9.31626e-14,1.91847e-10,24.9153,192.75
7.72,25,0.082321,0.082321,-9.30057e-14,1.92117e-10,24.9153,193
7.73,25,0.082321,0.082321,-9.28462e-14,1.92387e-10,24.9153,193.25
7.74,25,0.082321,0.082321,-9.26868e-14,1.92657e-10,24.9153,193.5
7.75,25,0.082321,0.082321,-9.25223e-14,1.92927e-10,24.9153,193.75
7.76,25,0.082321,0.082321,-9.23552e-14,1.93196e-10,24.9153,194
7.77,25,0.082321,0.082321,-9.21881e-14,1.93465e-10,24.9153,194.25
7.78,25,0.082321,0.082321,-9.2016e-14,1.93734e-10,24.9153,194.5
7.79,25,0.082321,0.082321,-9.18414e-14,1.94003e-10,24.9153,194.75
7.8,25,0.082321,0.082321,-9.16667e-14,1.94271e-10,24.9153,195
7.81,25,0.082321,0.082321,-9.1487e-14,1.9454e-10,24.9153,195.25
7.82,25,0.082321,0.082321,-9.13048e-14,1.94808e-10,24.9153,195.5
7.83,25,0.082321,0.082321,-9.11225e-14,1.95075e-10,24.9153,195.75
7.84,25,0.082321,0.082321,-9.09352e-14,1.95343e-10,24.9153,196
7.85,25,0.082321,0.082321,-9.07454e-14,1.9561e-10,24.9153,196.25
7.86,25,0.082321,0.082321,-9.05556e-14,1.95878e-10,24.9153,196.5
7.87,25,0.082321,0.082321,-9.03632e-14,1.96144e-10,24.9153,196.75
7.88,25,0.082321,0.082321,-9.01708e-14,1.96411e-10,24.9153,197
7.89,25,0.082321,0.082321,-8.99734e-14,1.96678e-10,24.9153,197.25
7.9,25,0.082321,0.082321,-8.97735e-14,1.96944e-10,24.9153,197.5
7.91,25,0.082321,0.082321,-8.95735e-14,1.9721e-10,24.9153,197.75
7.92,25,0.082321,0.082321,-8.93735e-14,1.97476e-10,24.9153,198
7.93,25,0.082321,0.082321,-8.91711e-14,1.97741e-10,24.9153,198.25
7.94,25,0.082321,0.082321,-8.89686e-14,1.98007e-10,24.9153,198.5
7.95,25,0.082321,0.082321,-8.87686e-14,1.98272e-10,24.9153,198.75
7.96,25,0.082321,0.082321,-8.85687e-14,1.98537e-10,24.9153,199
7.97,25,0.082321,0.082321,-8.83687e-14,1.98801e-10,24.9153,199.25
7.98,25,0.082321,0.082321,-8.81662e-14,1.99066e-10,24.9153,199.5
7.99,25,0.082321,0.082321,-8.79637e-14,1.9933e-10,24.9153,199.75
8,25,0.082321,0.082321,-8.77638e-14,1.99594e-10,24.9153,200
8.01,25,0.082321,0.082321,-8.75638e-14,1.99858e-10,24.9153,200.25
8.02,25,0.082321,0.082321,-8.73588e-14,2.00122e-10,24.9153,200.5
8.03,25,0.082321,0.082321,-8.71563e-14,2.00385e-10,24.9153,200.75
8.04,25,0.082321,0.082321,-8.69538e-14,2.00648e-10,24.9153,201
8.05,25,0.082321,0.082321,-8.67538e-14,2.00911e-10,24.9153,201.25
8.06,25,0.082321,0.082321,-8.65539e-14,2.01174e-10,24.9153,201.5
8.07,25,0.082321,0.082321,-8.63539e-14,2.01437e-10,24.9153,201.75
8.08,25,0.082321,0.082321,-8.61565e-14,2.01699e-10,24.9153,202
8.09,25,0.082321,0.082321,-8.59591e-14,2.01961e-10,24.9153,202.25
8.1,25,0.082321,0.082321,-8.57591e-14,2.02223e-10,24.9153,202.5
8.11,25,0.082321,0.082321,-8.55592e-14,2.02485e-10,24.9153,202.75
8.12,25,0.082321,0.082321,-8.53592e-14,2.02746e-10,24.9153,203
8.13,25,0.082321,0.082321,-8.51618e-14,2.03008e-10,24.9153,203.25
8.14,25,0.082321,0.082321,-8.49644e-14,2.03269e-10,24.9153,203.5
8.15,25,0.082321,0.082321,-8.47644e-14,2.03529e-10,24.9153,203.75
8.16,25,0.082321,0.082321,-8.45644e-14,2.0379e-10,24.9153,204
8.17,25,0.082321,0.082321,-8.43645e-14,2.04051e-10,24.9153,204.25
8.18,25,0.082321,0.082321,-8.41671e-14,2.04311e-10,24.9153,204.5
8.19,25,0.082321,0.082321,-8.39696e-14,2.04571e-10,24.9153,204.75
8.2,25,0.082321,0.082321,-8.37747e-14,2.04831e-10,24.9153,205
8.21,25,0.082321,0.082321,-8.35798e-14,2.0509e-10,24.9153,205.25
8.22,25,0.082321,0.082321,-8.33799e-14,2.0535e-10,24.9153,205.5
8.23,25,0.082321,0.082321,-8.31824e-14,2.05609e-10,24.9153,205.75
8.24,25,0.082321,0.082321,-8.2985e-14,2.05868e-10,24.9153,206
8.25,25,0.082321,0.082321,-8.27876e-14,2.06126e-10,24.9153,206.25
8.26,25,0.082321,0.082321,-8.25927e-14,2.06385e-10,24.9153,206.5
8.27,25,0.082321,0.082321,-8.23978e-14,2.06643e-10,24.9153,206.75
8.28,25,0.082321,0.082321,-8.22004e-14,2.06902e-10,24.9153,207
8.29,25,0.082321,0.082321,-8.2003e-14,2.0716e-10,24.9153,207.25
8.3,25,0.082321,0.082321,-8.18005e-14,2.07417e-10,24.9153,207.5
8.31,25,0.082321,0.082321,-8.16005e-14,2.07675e-10,24.9153,207.75
8.32,25,0.082321,0.082321,-8.13955e-14,2.07932e-10,24.9153,208
8.33,25,0.082321,0.082321,-8.1193e-14,2.08189e-10,24.9153,208.25
8.34,25,0.082321,0.082321,-8.09854e-14,2.08446e-10,24.9153,208.5
8.35,25,0.082321,0.082321,-8.07779e-14,2.08703e-10,24.9153,208.75
8.36,25,0.082321,0.082321,-8.05678e-14,2.0896e-10,24.9153,209
8.37,25,0.082321,0.082321,-8.03527e-14,2.09216e-10,24.9153,209.25
8.38,25,0.082321,0.082321,-8.0135e-14,2.09472e-10,24.9153,209.5
8.39,25,0.082321,0.082321,-7.99123e-14,2.09728e-10,24.9153,209.75
8.4,25,0.082321,0.082321,-7.9692e-14,2.09984e-10,24.9153,210
8.41,25,0.082321,0.082321,-7.94668e-14,2.1024e-10,24.9153,210.25
8.42,25,0.082321,0.082321,-7.92364e-14,2.10495e-10,24.9153,210.5
8.43,25,0.082321,0.082321,-7.90036e-14,2.1075e-10,24.9153,210.75
8.44,25,0.082321,0.082321,-7.87657e-14,2.11005e-10,24.9153,211
8.45,25,0.082321,0.082321,-7.85252e-14,2.1126e-10,24.9153,211.25
8.46,25,0.082321,0.082321,-7.82797e-14,2.11515e-10,24.9153,211.5
8.47,25,0.082321,0.082321,-7.80316e-14,2.11769e-10,24.9153,211.75
8.48,25,0.082321,0.082321,-7.77785e-14,2.12024e-10,24.9153,212
8.49,25,0.082321,0.082321,-7.75229e-14,2.12278e-10,24.9153,212.25
8.5,25,0.082321,0.082321,-7.72622e-14,2.12532e-10,24.9153,212.5
8.51,25,0.082321,0.082321,-7.7004e-14,2.12785e-10,24.9153,212.75
8.52,25,0.082321,0.082321,-7.67408e-14,2.13039e-10,24.9153,213
8.53,25,0.082321,0.082321,-7.64801e-14,2.13292e-10,24.9153,213.25
8.54,25,0.082321,0.082321,-7.62143e-14,2.13546e-10,24.9153,213.5
8.55,25,0.082321,0.082321,-7.5946e-14,2.13799e-10,24.9153,213.75
8.56,25,0.082321,0.082321,-7.56777e-14,2.14051e-10,24.9153,214
8.57,25,0.082321,0.082321,-7.54069e-14,2.14304e-10,24.9153,214.25
8.58,25,0.082321,0.082321,-7.5131e-14,2.14556e-10,24.9153,214.5
8.59,25,0.082321,0.082321,-7.48576e-14,2.14809e-10,24.9153,214.75
8.6,25,0.082321,0.082321,-7.45792e-14,2.15061e-10,24.9153,215
8.61,25,0.082321,0.082321,-7.42982e-14,2.15313e-10,24.9153,215.25
8.62,25,0.082321,0.082321,-7.40198e-14,2.15564e-10,24.9153,215.5
8.63,25,0.082321,0.082321,-7.37363e-14,2.15816e-10,24.9153,215.75
8.64,25,0.082321,0.082321,-7.34554e-14,2.16067e-10,24.9153,216
8.65,25,0.082321,0.082321,-7.31694e-14,2.16319e-10,24.9153,216.25
8.66,25,0.082321,0.082321,-7.28859e-14,2.1657e-10,24.9153,216.5
8.67,25,0.082321,0.082321,-7.26024e-14,2.1682e-10,24.9153,216.75
8.68,25,0.082321,0.082321,-7.23164e-14,2.17071e-10,24.9153,217
8.69,25,0.082321,0.082321,-7.20253e-14,2.17322e-10,24.9153,217.25
8.7,25,0.082321,0.082321,-7.17368e-14,2.17572e-10,24.9153,217.5
8.71,25,0.082321,0.082321,-7.14507e-14,2.17822e-10,24.9153,217.75
8.72,25,0.082321,0.082321,-7.11597e-14,2.18072e-10,24.9153,218
8.73,25,0.082321,0.082321,-7.08711e-14,2.18322e-10,24.9153,218.25
8.74,25,0.082321,0.082321,-7.05775e-14,2.18571e-10,24.9153,218.5
8.75,25,0.082321,0.082321,-7.02864e-14,2.18821e-10,24.9153,218.75
8.76,25,0.082321,0.082321,-6.99903e-14,2.1907e-10,24.9153,219
8.77,25,0.082321,0.082321,-6.96967e-14,2.19319e-10,24.9153,219.25
8.78,25,0.082321,0.082321,-6.94005e-14,2.19568e-10,24.9153,219.5
8.79,25,0.082321,0.082321,-6.91044e-14,2.19817e-10,24.9153,219.75
8.8,25,0.082321,0.082321,-6.88057e-14,2.20065e-10,24.9153,220
8.81,25,0.082321,0.082321,-6.85071e-14,2.20314e-10,24.9153,220.25
8.82,25,0.082321,0.082321,-6.82059e-14,2.20562e-10,24.9153,220.5
8.83,25,0.082321,0.082321,-6.79072e-14,2.2081e-10,24.9153,220.75
8.84,25,0.082321,0.082321,-6.76035e-14,2.21058e-10,24.9153,221
8.85,25,0.082321,0.082321,-6.73023e-14,2.21306e-10,24.9153,221.25
8.86,25,0.082321,0.082321,-6.6996e-14,2.21553e-10,24.9153,221.5
8.87,25,0.082321,0.082321,-6.66923e-14,2.21801e-10,24.9153,221.75
8.88,25,0.082321,0.082321,-6.6386e-14,2.22048e-10,24.9153,222
8.89,25,0.082321,0.082321,-6.60797e-14,2.22295e-10,24.9153,222.25
8.9,25,0.082321,0.082321,-6.5776e-14,2.22542e-10,24.9153,222.5
8.91,25,0.082321,0.082321,-6.54672e-14,2.22789e-10,24.9153,222.75
8.92,25,0.082321,0.082321,-6.51559e-14,2.23036e-10,24.9153,223
8.93,25,0.082321,0.082321,-6.48471e-14,2.23282e-10,24.9153,223.25
8.94,25,0.082321,0.082321,-6.45383e-14,2.23528e-10,24.9153,223.5
8.95,25,0.082321,0.082321,-6.4227e-14,2.23775e-10,24.9153,223.75
8.96,25,0.082321,0.082321,-6.39106e-14,2.24021e-10,24.9153,224
8.97,25,0.082321,0.082321,-6.35967e-14,2.24267e-10,24.9153,224.25
8.98,25,0.082321,0.082321,-6.32854e-14,2.24512e-10,24.9153,224.5
8.99,25,0.082321,0.082321,-6.2969e-14,2.24758e-10,24.9153,224.75
9,25,0.082321,0.082321,-6.26551e-14,2.25003e-10,24.9153,225
9.01,25,0.082321,0.082321,-6.23387e-14,2.25248e-10,24.9153,225.25
9.02,25,0.082321,0.082321,-6.20224e-14,2.25493e-10,24.9153,225.5
9.03,25,0.082321,0.082321,-6.17034e-14,2.25738e-10,24.9153,225.75
9.04,25,0.082321,0.082321,-6.13845e-14,2.25983e-10,24.9153,226
9.05,25,0.082321,0.082321,-6.10631e-14,2.26228e-10,24.9153,226.25
9.06,25,0.082321,0.082321,-6.07441e-14,2.26472e-10,24.9153,226.5
9.07,25,0.082321,0.082321,-6.04252e-14,2.26717e-10,24.9153,226.75
9.08,25,0.082321,0.082321,-6.01038e-14,2.26961e-10,24.9153,227
9.09,25,0.082321,0.082321,-5.97798e-14,2.27205e-10,24.9153,227.25
9.1,25,0.082321,0.082321,-5.94558e-14,2.27449e-10,24.9153,227.5
9.11,25,0.082321,0.082321,-5.91344e-14,2.27693e-10,24.9153,227.75
9.12,25,0.082321,0.082321,-5.88078e-14,2.27936e-10,24.9153,228
9.13,25,0.082321,0.082321,-5.84839e-14,2.2818e-10,24.9153,228.25
9.14,25,0.082321,0.082321,-5.81573e-14,2.28423e-10,24.9153,228.5
9.15,25,0.082321,0.082321,-5.78308e-14,2.28666e-10,24.9153,228.75
9.16,25,0.082321,0.082321,-5.75069e-14,2.28909e-10,24.9153,229
9.17,25,0.082321,0.082321,-5.71803e-14,2.29152e-10,24.9153,229.25
9.18,25,0.082321,0.082321,-5.68538e-14,2.29395e-10,24.9153,229.5
9.19,25,0.082321,0.082321,-5.65298e-14,2.29638e-10,24.9153,229.75
9.2,25,0.082321,0.082321,-5.62084e-14,2.2988e-10,24.9153,230
9.21,25,0.082321,0.082321,-5.58869e-14,2.30122e-10,24.9153,230.25
9.22,25,0.082321,0.082321,-5.5568e-14,2.30365e-10,24.9153,230.5
9.23,25,0.082321,0.082321,-5.52491e-14,2.30607e-10,24.9153,230.75
9.24,25,0.082321,0.082321,-5.49327e-14,2.30849e-10,24.9153,231
9.25,25,0.082321,0.082321,-5.46189e-14,2.3109e-10,24.9153,231.25
9.26,25,0.082321,0.082321,-5.4305e-14,2.31332e-10,24.9153,231.5
9.27,25,0.082321,0.082321,-5.39937e-14,2.31574e-10,24.9153,231.75
9.28,25,0.082321,0.082321,-5.36849e-14,2.31815e-10,24.9153,232
9.29,25,0.082321,0.082321,-5.33761e-14,2.32056e-10,24.9153,232.25
9.3,25,0.082321,0.082321,-5.30698e-14,2.32297e-10,24.9153,232.5
9.31,25,0.082321,0.082321,-5.27636e-14,2.32538e-10,24.9153,232.75
9.32,25,0.082321,0.082321,-5.24598e-14,2.32779e-10,24.9153,233
9.33,25,0.082321,0.082321,-5.21586e-14,2.3302e-10,24.9153,233.25
9.34,25,0.082321,0.082321,-5.18574e-14,2.3326e-10,24.9153,233.5
9.35,25,0.082321,0.082321,-5.15587e-14,2.33501e-10,24.9153,233.75
9.36,25,0.082321,0.082321,-5.12601e-14,2.33741e-10,24.9153,234
9.37,25,0.082321,0.082321,-5.09589e-14,2.33981e-10,24.9153,234.25
9.38,25,0.082321,0.082321,-5.06602e-14,2.34222e-10,24.9153,234.5
9.39,25,0.082321,0.082321,-5.03615e-14,2.34462e-10,24.9153,234.75
9.4,25,0.082321,0.082321,-5.00654e-14,2.34701e-10,24.9153,235
9.41,25,0.082321,0.082321,-4.97642e-14,2.34941e-10,24.9153,235.25
9.42,25,0.082321,0.082321,-4.94655e-14,2.35181e-10,24.9153,235.5
9.43,25,0.082321,0.082321,-4.91694e-14,2.3542e-10,24.9153,235.75
9.44,25,0.082321,0.082321,-4.88732e-14,2.3566e-10,24.9153,236
9.45,25,0.082321,0.082321,-4.85796e-14,2.35899e-10,24.9153,236.25
9.46,25,0.082321,0.082321,-4.8286e-14,2.36138e-10,24.9153,236.5
9.47,25,0.082321,0.082321,-4.79899e-14,2.36377e-10,24.9153,236.75
9.48,25,0.082321,0.082321,-4.76937e-14,2.36616e-10,24.9153,237
9.49,25,0.082321,0.082321,-4.74001e-14,2.36855e-10,24.9153,237.25
9.5,25,0.082321,0.082321,-4.7109e-14,2.37093e-10,24.9153,237.5
9.51,25,0.082321,0.082321,-4.6818e-14,2.37332e-10,24.9153,237.75
9.52,25,0.082321,0.082321,-4.65294e-14,2.3757e-10,24.9153,238
9.53,25,0.082321,0.082321,-4.62358e-14,2.37808e-10,24.9153,238.25
9.54,25,0.082321,0.082321,-4.59397e-14,2.38047e-10,24.9153,238.5
9.55,25,0.082321,0.082321,-4.56435e-14,2.38285e-10,24.9153,238.75
9.56,25,0.082321,0.082321,-4.53499e-14,2.38523e-10,24.9153,239
9.57,25,0.082321,0.082321,-4.50588e-14,2.3876e-10,24.9153,239.25
9.58,25,0.082321,0.082321,-4.47678e-14,2.38998e-10,24.9153,239.5
9.59,25,0.082321,0.082321,-4.44742e-14,2.39236e-10,24.9153,239.75
9.6,25,0.082321,0.082321,-4.41806e-14,2.39473e-10,24.9153,240
9.61,25,0.082321,0.082321,-4.38844e-14,2.39711e-10,24.9153,240.25
9.62,25,0.082321,0.082321,-4.35908e-14,2.39948e-10,24.9153,240.5
9.63,25,0.082321,0.082321,-4.32972e-14,2.40185e-10,24.9153,240.75
9.64,25,0.082321,0.082321,-4.30011e-14,2.40422e-10,24.9153,241
9.65,25,0.082321,0.082321,-4.27049e-14,2.40659e-10,24.9153,241.25
9.66,25,0.082321,0.082321,-4.24062e-14,2.40896e-10,24.9153,241.5
9.67,25,0.082321,0.082321,-4.21076e-14,2.41133e-10,24.9153,241.75
9.68,25,0.082321,0.082321,-4.18114e-14,2.4137e-10,24.9153,242
9.69,25,0.082321,0.082321,-4.15178e-14,2.41606e-10,24.9153,242.25
9.7,25,0.082321,0.082321,-4.12192e-14,2.41843e-10,24.9153,242.5
9.71,25,0.082321,0.082321,-4.0923e-14,2.42079e-10,24.9153,242.75
9.72,25,0.082321,0.082321,-4.06218e-14,2.42316e-10,24.9153,243
9.73,25,0.082321,0.082321,-4.03231e-14,2.42552e-10,24.9153,243.25
9.74,25,0.082321,0.082321,-4.0027e-14,2.42788e-10,24.9153,243.5
9.75,25,0.082321,0.082321,-3.97309e-14,2.43024e-10,24.9153,243.75
9.76,25,0.082321,0.082321,-3.94372e-14,2.4326e-10,24.9153,244
9.77,25,0.082321,0.082321,-3.91386e-14,2.43496e-10,24.9153,244.25
9.78,25,0.082321,0.082321,-3.88374e-14,2.43731e-10,24.9153,244.5
9.79,25,0.082321,0.082321,-3.85362e-14,2.43967e-10,24.9153,244.75
9.8,25,0.082321,0.082321,-3.82375e-14,2.44203e-10,24.9153,245
9.81,25,0.082321,0.082321,-3.79363e-14,2.44438e-10,24.9153,245.25
9.82,25,0.082321,0.082321,-3.76351e-14,2.44673e-10,24.9153,245.5
9.83,25,0.082321,0.082321,-3.73364e-14,2.44909e-10,24.9153,245.75
9.84,25,0.082321,0.082321,-3.70327e-14,2.45144e-10,24.9153,246
9.85,25,0.082321,0.082321,-3.67315e-14,2.45379e-10,24.9153,246.25
9.86,25,0.082321,0.082321,-3.64278e-14,2.45614e-10,24.9153,246.5
9.87,25,0.082321,0.082321,-3.6124e-14,2.45849e-10,24.9153,246.75
9.88,25,0.082321,0.082321,-3.58228e-14,2.46084e-10,24.9153,247
9.89,25,0.082321,0.082321,-3.55216e-14,2.46318e-10,24.9153,247.25
9.9,25,0.082321,0.082321,-3.52229e-14,2.46553e-10,24.9153,247.5
9.91,25,0.082321,0.082321,-3.49268e-14,2.46787e-10,24.9153,247.75
9.92,25,0.082321,0.082321,-3.46307e-14,2.47022e-10,24.9153,248
9.93,25,0.082321,0.082321,-3.43371e-14,2.47256e-10,24.9153,248.25
9.94,25,0.082321,0.082321,-3.40485e-14,2.47491e-10,24.9153,248.5
9.95,25,0.082321,0.082321,-3.37625e-14,2.47725e-10,24.9153,248.75
9.96,25,0.082321,0.082321,-3.34765e-14,2.47959e-10,24.9153,249
9.97,25,0.082321,0.082321,-3.31981e-14,2.48193e-10,24.9153,249.25
9.98,25,0.082321,0.082321,-3.29222e-14,2.48427e-10,24.9153,249.5
9.99,25,0.082321,0.082321,-3.26463e-14,2.48661e-10,24.9153,249.75
10,25,0.082321,0.082321,-3.2378e-14,2.48894e-10,24.9153,250
